Player,Pos,School,College,Ht,Wt,40yd,Vertical,Bench,Broad Jump,3Cone,Shuttle,Drafted (tm/rnd/yr)
Trey Adams,OL,Washington,College Stats,8-Jun,318,5.6,24.5,,92,,,
Hakeem Adeniji,OL,Kansas,College Stats,4-Jun,302,5.17,34,26,115,,,
McTelvin Agim,DL,Arkansas,College Stats,3-Jun,309,4.98,,27,,,,
Salvon Ahmed,RB,Washington,College Stats,11-May,197,4.62,34.5,,120,,,
Brandon Aiyuk,WR,Arizona State,College Stats,Jun-00,205,4.5,40,11,128,,,
Cam Akers,RB,Florida St.,College Stats,10-May,217,4.47,35.5,20,122,,4.42,
Bradlee Anae,DL,Utah,College Stats,3-Jun,257,4.93,31,25,115,7.44,4.43,
Tremayne Anchrum,OL,Clemson,College Stats,2-Jun,314,5.21,24.5,26,104,,,
Jet Anderson,RB,TCU,College Stats,10-May,208,4.61,36,19,128,,4.19,
Damon Arnette,CB,Ohio St.,College Stats,Jun-00,195,4.56,,,,,,
Grayland Arnold,CB,Baylor,College Stats,9-May,186,4.59,33,12,120,7.01,4.3,
Devin Asiasi,TE,UCLA,College Stats,3-Jun,257,4.73,30.5,16,115,,,
Joe Bachie,LB,Michigan St.,College Stats,1-Jun,230,4.67,33.5,26,119,6.93,4.34,
Markus Bailey,LB,Purdue,College Stats,Jun-00,235,,,15,,,,
Trajan Bandy,CB,Miami,College Stats,8-May,180,4.5,,10,,,,
Ben Bartch,OL,St. Johns (MN),,6-Jun,309,,,,,,,
Tyler Bass,K,Georgia Southern,College Stats,10-May,185,,,,,,,
Essang Bassey,CB,Wake Forest,College Stats,9-May,191,4.46,39.5,12,128,6.95,4.13,
Zack Baun,LB,Wisconsin,College Stats,2-Jun,238,4.65,32.5,24,115,7,4.31,
Omar Bayless,WR,Arkansas State,College Stats,1-Jun,212,4.62,36,11,123,7.35,4.5,
Mekhi Becton,OL,Louisville,College Stats,7-Jun,364,5.1,,23,,,,
LeVante Bellamy,RB,Western Michigan,College Stats,9-May,192,4.5,39.5,16,125,,,
Eno Benjamin,RB,Arizona State,College Stats,9-May,207,4.57,39,12,122,6.97,4.25,
Francis Bernard,LB,Utah,College Stats,Jun-00,234,4.81,32.5,19,120,,,
Tyler Biadasz,OL,Wisconsin,College Stats,4-Jun,314,,,,,,,
Daniel Bituli,LB,Tennessee,College Stats,2-Jun,246,4.84,32,16,121,,,
Ross Blacklock,DL,TCU,College Stats,3-Jun,290,4.9,29,,107,7.77,4.67,
Julian Blackmon,S,Utah,College Stats,Jun-00,187,,,,,,,
Rodrigo Blankenship,K,Georgia,College Stats,1-Jun,190,,,,,,,
Lynn Bowden,WR,Kentucky,College Stats,11-May,204,,,13,,,,
Shaun Bradley,LB,Temple,College Stats,1-Jun,235,4.51,32.5,14,121,7.07,4.24,
Ben Bredeson,OL,Michigan,College Stats,5-Jun,315,,,,,,,
Jacob Breeland,TE,Oregon,College Stats,5-Jun,252,,,,,,,
Jordyn Brooks,LB,Texas Tech,College Stats,Jun-00,240,4.54,,,,,,
Cameron Brown,LB,Penn St.,College Stats,5-Jun,233,4.72,35.5,16,123,,,
Derrick Brown,DL,Auburn,College Stats,5-Jun,326,5.16,27,28,108,8.22,4.79,
Tony Brown,WR,Colorado,College Stats,1-Jun,198,4.65,33.5,14,119,7.21,4.27,
Harrison Bryant,TE,Florida Atlantic,College Stats,5-Jun,243,4.73,32.5,13,110,7.41,4.37,
Hunter Bryant,TE,Washington,College Stats,2-Jun,248,4.74,32.5,23,115,7.08,4.46,
Kelly Bryant,QB,Missouri,College Stats,3-Jun,229,4.69,35,,125,7.33,4.51,
Myles Bryant,CB,Washington,College Stats,8-May,183,4.62,31.5,,115,6.81,4.02,
Terrell Burgess,S,Utah,College Stats,11-May,202,4.46,33.5,20,122,,,
Joe Burrow,QB,LSU,College Stats,3-Jun,221,,,,,,,
Cohl Cabral,OL,Arizona State,College Stats,5-Jun,300,,,20,,,,
Lawrence Cager,WR,Georgia,College Stats,5-Jun,220,,,,,,,
Raymond Calais,RB,Louisiana-Lafayette,College Stats,8-May,188,4.42,37.5,20,120,,,
Marquez Callaway,WR,Tennessee,College Stats,1-Jun,205,4.55,38,,126,,,
Shyheim Carter,S,Alabama,College Stats,10-May,194,,,,,,,
Quintez Cephus,WR,Wisconsin,College Stats,1-Jun,202,4.73,38.5,23,124,7.2,4.33,
K'Lavon Chaisson,LB,LSU,College Stats,3-Jun,254,,,,,,,
Saahdiq Charles,OL,LSU,College Stats,4-Jun,321,5.05,,,,,,
Joseph Charlton,P,South Carolina,College Stats,4-Jun,195,,,,,,,
Jeremy Chinn,S,Southern Illinois,,3-Jun,221,4.45,41,20,138,,,
Cameron Clark,OL,Charlotte,College Stats,4-Jun,308,5.29,25,26,101,,,
Nevelle Clarke,CB,UCF,College Stats,1-Jun,190,,35,10,126,6.88,4.31,
Chase Claypool,WR,Notre Dame,College Stats,4-Jun,238,4.42,40.5,19,126,,,
Rodney Clemons,S,SMU,College Stats,Jun-00,209,4.71,33.5,21,118,,,
Ezra Cleveland,OL,Boise St.,College Stats,6-Jun,311,4.93,30,30,111,7.26,4.46,
Tyrie Cleveland,WR,Florida,College Stats,2-Jun,209,4.46,39.5,13,126,,,
Josiah Coatney,DL,Mississippi,College Stats,3-Jun,308,5.21,27,22,99,8.07,4.82,
Nick Coe,LB,Auburn,College Stats,5-Jun,280,4.89,29,21,116,,,
Kendall Coleman,DL,Syracuse,College Stats,3-Jun,257,4.95,32,,114,7.5,4.62,
Trystan Colon-Castillo,OL,Missouri,College Stats,3-Jun,313,,,11,,,,
Carter Coughlin,LB,Minnesota,College Stats,3-Jun,236,4.57,36,,126,,,
Isaiah Coulter,WR,Rhode Island,,2-Jun,198,4.45,36,,121,7.28,4.62,
Kamren Curl,S,Arkansas,College Stats,1-Jun,206,4.6,34.5,24,125,,,
Lloyd Cushenberry,OL,LSU,College Stats,3-Jun,312,5.27,,25,,,,
DeeJay Dallas,RB,Miami,College Stats,10-May,217,4.58,33.5,,119,7.18,4.32,
Darrion Daniels,DL,Nebraska,College Stats,3-Jun,311,5.18,27,21,109,7.75,4.93,
Cameron Dantzler,CB,Mississippi St.,College Stats,2-Jun,188,4.64,34.5,,,,,
Kevin Davidson,QB,Princeton,,4-Jun,224,5,28,,109,7.13,4.37,
Marlon Davidson,DL,Auburn,College Stats,3-Jun,303,5.04,,21,,,,
Ashtyn Davis,S,California,College Stats,1-Jun,202,,,14,,,,
Carlos Davis,DL,Nebraska,College Stats,2-Jun,313,4.82,,27,,,4.52,
Gabriel Davis,WR,UCF,College Stats,2-Jun,216,4.54,35,14,124,7.08,4.59,
Javaris Davis,CB,Auburn,College Stats,8-May,183,4.39,35.5,11,124,,,
Khalil Davis,DL,Nebraska,College Stats,1-Jun,308,4.75,,32,,,,
Quartney Davis,WR,Texas A&M,College Stats,1-Jun,201,4.54,35.5,,,,,
Raekwon Davis,DL,Alabama,College Stats,6-Jun,311,5.12,28,24,111,7.95,4.86,
Akeem Davis-Gaither,LB,Appalachian St.,College Stats,1-Jun,224,,,21,,,,
Josiah Deguara,TE,Cincinnati,College Stats,2-Jun,242,4.72,35.5,25,115,7.15,4.35,
Grant Delpit,S,LSU,College Stats,2-Jun,213,,,,,,,
Trevon Diggs,CB,Alabama,College Stats,1-Jun,205,,,,,,,
AJ Dillon,RB,Boston College,College Stats,Jun-00,247,4.53,41,23,131,7.19,,
Michael Divinity,LB,LSU,College Stats,2-Jun,242,4.85,31,14,115,,,
J.K. Dobbins,RB,Ohio St.,College Stats,9-May,209,,,23,,,,
Rico Dowdle,RB,South Carolina,College Stats,11-May,213,4.54,38,,127,,,
Jack Driscoll,OL,Auburn,College Stats,5-Jun,306,5.02,29.5,23,114,,,
Kyle Dugger,S,Lenoir-Rhyne,,1-Jun,217,4.49,42,17,134,,,
Yasir Durant,OL,Missouri,College Stats,6-Jun,331,5.52,25,21,,,,
Devin Duvernay,WR,Texas,College Stats,10-May,200,4.39,35.5,,123,7.13,4.2,
Troy Dye,LB,Oregon,College Stats,3-Jun,231,,,,,,,
Jacob Eason,QB,Washington,College Stats,6-Jun,231,4.89,27.5,,110,7.5,4.75,
Bryan Edwards,WR,South Carolina,College Stats,3-Jun,212,,,,,,,
Clyde Edwards-Helaire,RB,LSU,College Stats,7-May,207,4.6,39.5,15,123,,,
Jalen Elliott,S,Notre Dame,College Stats,Jun-00,205,4.8,34,15,125,6.87,4.3,
Jordan Elliott,DL,Missouri,College Stats,4-Jun,302,5.02,27.5,24,,,4.73,
A.J. Epenesa,DL,Iowa,College Stats,5-Jun,275,5.04,32.5,17,117,7.34,4.46,
Darrynton Evans,RB,Appalachian St.,College Stats,10-May,203,4.41,37,20,125,,,
Blake Ferguson,LS,LSU,College Stats,3-Jun,229,5.07,31,,112,7.43,4.52,
Chris Finke,WR,Notre Dame,College Stats,9-May,186,4.57,40,7,,,,
Leki Fotu,DL,Utah,College Stats,5-Jun,330,5.15,,21,,,,
Jake Fromm,QB,Georgia,College Stats,2-Jun,219,5.01,30,,111,7.27,4.51,
Aaron Fuller,WR,Washington,College Stats,11-May,188,4.59,34,,118,7.14,,
Jordan Fuller,S,Ohio St.,College Stats,2-Jun,203,4.67,35.5,,122,,4.27,
Kristian Fulton,CB,LSU,College Stats,Jun-00,197,4.46,35.5,,123,6.94,4.36,
Tipa Galeai,LB,Utah St.,College Stats,5-Jun,235,,,,,,,
Neville Gallimore,DL,Oklahoma,College Stats,2-Jun,304,4.79,,23,,7.97,5.01,
Antonio Gandy-Golden,WR,Liberty,College Stats,4-Jun,223,4.6,36,22,127,7.33,4.55,
Cale Garrett,LB,Missouri,College Stats,2-Jun,234,4.92,32,,124,6.91,4.13,
Jonathan Garvin,DL,Miami,College Stats,4-Jun,263,4.82,36,23,125,,,
Antonio Gibson,WR,Memphis,College Stats,Jun-00,228,4.39,35,16,118,,,
Alohi Gilman,S,Notre Dame,College Stats,10-May,201,4.6,32,17,119,6.81,4.08,
Trevis Gipson,DL,Tulsa,College Stats,3-Jun,261,,,25,,,,
Jeff Gladney,CB,TCU,College Stats,10-May,191,4.48,37.5,17,124,7.26,,
Anthony Gordon,QB,Washington St.,College Stats,2-Jun,205,,,,,,,
A.J. Green,CB,Oklahoma St.,College Stats,1-Jun,202,4.62,,13,,,,
Jonathan Greenard,DL,Florida,College Stats,3-Jun,263,4.87,30.5,22,113,7.13,4.34,
Yetur Gross-Matos,DL,Penn St.,College Stats,5-Jun,266,,34,20,120,,,
Javelin Guidry,CB,Utah,College Stats,9-May,191,4.29,,21,,,,
Stephen Guidry,WR,Mississippi St.,College Stats,3-Jun,201,4.47,34,,125,7.31,4.46,
Bryce Hall,CB,Virginia,College Stats,1-Jun,202,,,11,,,,
DaVon Hamilton,DL,Ohio St.,College Stats,4-Jun,320,5.14,29.5,33,102,7.72,,
LaDarius Hamilton,DL,North Texas,College Stats,2-Jun,262,4.89,30,27,114,7.66,4.49,
KJ Hamler,WR,Penn St.,College Stats,9-May,178,,,15,,,,
Harrison Hand,CB,Temple,College Stats,11-May,197,4.52,41,14,133,7.15,4.27,
Jake Hanson,OL,Oregon,College Stats,4-Jun,303,5.5,,33,,,,
Nick Harris,OL,Washington,College Stats,1-Jun,302,5.1,29.5,20,103,,,
Scoota Harris,LB,Arkansas,College Stats,Jun-00,234,4.69,33,18,111,7.38,4.32,
Malik Harrison,LB,Ohio St.,College Stats,3-Jun,247,4.66,36,,122,6.83,4.32,
JaMycal Hasty,RB,Baylor,College Stats,8-May,205,4.55,39,15,123,,4.03,
Jaylinn Hawkins,S,California,College Stats,1-Jun,208,,35.5,,117,,,
Charlie Heck,OL,North Carolina,College Stats,8-Jun,311,5.16,28,21,112,8.02,4.86,
C.J. Henderson,CB,Florida,College Stats,1-Jun,204,4.39,37.5,20,127,,,
Matt Hennessy,OL,Temple,College Stats,4-Jun,307,5.18,30,23,110,7.45,4.6,
Justin Herbert,QB,Oregon,College Stats,6-Jun,236,4.68,35.5,,123,7.06,4.46,
Brian Herrien,RB,Georgia,College Stats,11-May,209,4.62,38.5,18,126,7.12,4.4,
Justin Herron,OL,Wake Forest,College Stats,4-Jun,308,5.26,33,27,105,8.41,4.88,
Tee Higgins,WR,Clemson,College Stats,4-Jun,216,,,,,,,
Alex Highsmith,DL,Charlotte,College Stats,3-Jun,248,4.7,33,,125,7.32,4.31,
John Hightower,WR,Boise St.,College Stats,1-Jun,189,4.43,38.5,,122,7.07,4.21,
K.J. Hill,WR,Ohio St.,College Stats,Jun-00,196,4.6,32.5,17,114,,,
Lavert Hill,CB,Michigan,College Stats,10-May,190,,,21,,,,
Trevon Hill,DL,Miami,College Stats,3-Jun,248,4.89,28,,113,,,
Isaiah Hodgins,WR,Oregon St.,College Stats,4-Jun,210,4.61,36.5,9,124,7.01,4.12,
Sterling Hofrichter,P,Syracuse,College Stats,10-May,196,,,,,,,
Darnay Holmes,CB,UCLA,College Stats,10-May,195,4.48,,12,,,,
Brycen Hopkins,TE,Purdue,College Stats,4-Jun,245,4.66,33.5,21,116,7.25,4.28,
Khaleke Hudson,LB,Michigan,College Stats,11-May,224,4.56,33,30,120,,,
Robert Hunt,OL,Louisiana-Lafayette,College Stats,5-Jun,323,,,,,,,
Jalen Hurts,QB,Oklahoma,College Stats,1-Jun,222,4.59,35,,125,,,
Noah Igbinoghene,CB,Auburn,College Stats,10-May,198,4.48,37,15,128,,,
Brian Cole II,S,Mississippi St.,College Stats,2-Jun,213,4.52,,,,,,
Rashard Lawrence II,DL,LSU,College Stats,2-Jun,308,5.07,,22,,8.03,,
Reggie Robinson III,CB,Tulsa,College Stats,1-Jun,205,4.44,36,22,132,7.09,4.18,
Henry Ruggs III,WR,Alabama,College Stats,11-May,188,4.27,42,,131,,,
Keith Ismael,OL,San Diego St.,College Stats,3-Jun,309,5.34,32,,108,8.14,4.65,
Cordel Iwuagwu,OL,TCU,College Stats,3-Jun,309,5.22,27,25,94,8.03,4.87,
Austin Jackson,OL,USC,College Stats,5-Jun,322,5.07,31,27,115,7.95,,
Dane Jackson,CB,Pittsburgh,College Stats,Jun-00,187,4.57,35,,122,7.07,4.27,
Jonah Jackson,OL,Ohio St.,College Stats,3-Jun,306,5.23,26,28,98,7.83,5.02,
Lamar Jackson,CB,Nebraska,College Stats,2-Jun,208,4.58,36.5,10,122,,,
Trishton Jackson,WR,Syracuse,College Stats,1-Jun,197,4.5,36,,117,,,
Justin Jefferson,WR,LSU,College Stats,1-Jun,202,4.43,37.5,,126,,,
Van Jefferson,WR,Florida,College Stats,1-Jun,200,,,,,,,
Anfernee Jennings,LB,Alabama,College Stats,2-Jun,256,,,,,,,
Jauan Jennings,WR,Tennessee,College Stats,3-Jun,215,4.72,29,,119,,,
Jerry Jeudy,WR,Alabama,College Stats,1-Jun,193,4.45,35,,120,,4.53,
Collin Johnson,WR,Texas,College Stats,6-Jun,222,,,17,,,,
Jaylon Johnson,CB,Utah,College Stats,Jun-00,193,4.5,36.5,15,124,7.01,4.13,
Juwan Johnson,WR,Oregon,College Stats,4-Jun,230,4.58,33,14,124,6.94,4.37,
Tyler Johnson,WR,Minnesota,College Stats,1-Jun,206,,,,,,,
Clay Johnston,LB,Baylor,College Stats,1-Jun,227,,,18,,,,
Benito Jones,DL,Mississippi,College Stats,1-Jun,316,5.26,26.5,,,8.21,5.27,
Brandon Jones,S,Texas,College Stats,11-May,198,,,,,,,
Joshua Jones,OL,Houston,College Stats,5-Jun,319,5.27,28.5,24,109,,,
Tony Jones,RB,Notre Dame,College Stats,10-May,220,4.68,32.5,13,119,7.18,4.21,
Antoine Brooks Jr.,S,Maryland,College Stats,11-May,220,4.64,34.5,18,,,,
Willie Gay Jr.,LB,Mississippi St.,College Stats,1-Jun,243,4.46,39.5,21,136,7.08,4.3,
Laviska Shenault Jr.,WR,Colorado,College Stats,1-Jun,227,4.58,,17,,,,
Antoine Winfield Jr.,S,Minnesota,College Stats,9-May,203,4.45,36,,124,,,
Azur Kamara,LB,Kansas,College Stats,3-Jun,245,4.59,28,13,121,7.2,4.46,
Khalid Kareem,DL,Notre Dame,College Stats,4-Jun,268,,,,,,,
Dalton Keene,TE,Virginia Tech,College Stats,4-Jun,253,4.71,34,21,125,7.07,4.19,
Joshua Kelley,RB,UCLA,College Stats,11-May,212,4.49,31,23,121,6.95,4.28,
BoPete Keyes,CB,Tulane,College Stats,1-Jun,202,,36,,126,,,
Solomon Kindley,OL,Georgia,College Stats,3-Jun,337,,,,,,,
Javon Kinlaw,DL,South Carolina,College Stats,5-Jun,324,,,,,,,
Cole Kmet,TE,Notre Dame,College Stats,6-Jun,262,4.7,37,,123,7.44,4.41,
CeeDee Lamb,WR,Oklahoma,College Stats,2-Jun,198,4.5,34.5,11,124,,,
Javon Leake,RB,Maryland,College Stats,Jun-00,215,4.65,34,,125,,,
Benny LeMay,RB,Charlotte,College Stats,8-May,221,4.75,28.5,24,112,,,
Shane Lemieux,OL,Oregon,College Stats,4-Jun,310,5.11,25.5,,107,8.13,4.9,
Brian Lewerke,QB,Michigan St.,College Stats,2-Jun,213,4.95,31,,113,7.14,4.4,
Damien Lewis,OL,LSU,College Stats,2-Jun,327,5.24,30,27,108,,,
Terrell Lewis,LB,Alabama,College Stats,5-Jun,262,,37,,124,,,
Kalija Lipscomb,WR,Vanderbilt,College Stats,Jun-00,207,4.57,32,16,127,,,
Jordan Love,QB,Utah St.,College Stats,4-Jun,224,4.74,35.5,,118,7.21,4.52,
Jake Luton,QB,Oregon St.,College Stats,6-Jun,224,,,,,,,
James Lynch,DL,Baylor,College Stats,4-Jun,289,5.01,29,23,111,7.39,4.39,
Austin Mack,WR,Ohio St.,College Stats,1-Jun,208,4.59,31.5,,117,,4.42,
Jordan Mack,LB,Virginia,College Stats,3-Jun,241,,,,,,,
Justin Madubuike,DL,Texas A&M,College Stats,3-Jun,293,4.83,,31,,7.37,,
Braden Mann,P,Texas A&M,College Stats,11-May,198,4.83,31,,111,7.03,4.13,
Kamal Martin,LB,Minnesota,College Stats,3-Jun,240,,,,,,,
Cole McDonald,QB,Hawaii,College Stats,3-Jun,215,4.58,36,,121,7.13,4.52,
Anthony McFarland,RB,Maryland,College Stats,8-May,208,4.44,29.5,,116,,,
Sean McKeon,TE,Michigan,College Stats,5-Jun,242,,,18,,,,
Xavier McKinney,S,Alabama,College Stats,Jun-00,201,4.63,36,19,122,,,
Colton McKivitz,OL,West Virginia,College Stats,6-Jun,306,5.35,26,20,106,7.87,5,
Josh Metellus,S,Michigan,College Stats,11-May,209,4.55,36.5,20,124,6.94,4.4,
Chris Miller,S,Baylor,College Stats,11-May,190,4.61,35.5,12,133,7.09,4.12,
Denzel Mims,WR,Baylor,College Stats,3-Jun,207,4.38,38.5,16,131,6.66,4.43,
John Molchon,OL,Boise St.,College Stats,5-Jun,309,5.13,34,26,109,7.85,4.73,
JJ Molson,K,UCLA,College Stats,11-May,182,,,,,,,
Steven Montez,QB,Colorado,College Stats,4-Jun,231,4.68,33,,117,7.25,4.43,
Darnell Mooney,WR,Tulane,College Stats,10-May,176,4.38,37,9,124,,,
James Morgan,QB,Florida International,College Stats,4-Jun,229,4.89,29,,112,7.51,4.64,
Thaddeus Moss,TE,LSU,College Stats,2-Jun,250,,,,,,,
Zack Moss,RB,Utah,College Stats,9-May,223,4.65,33,19,,,4.37,
Larrell Murchison,DL,North Carolina St.,College Stats,2-Jun,297,5.05,29,29,118,7.89,4.51,
Kyle Murphy,OL,Rhode Island,,3-Jun,316,5.3,28,19,104,7.81,4.68,
Kenneth Murray,LB,Oklahoma,College Stats,2-Jun,241,4.52,38,21,129,,,
Tanner Muse,S,Clemson,College Stats,2-Jun,227,4.41,34.5,20,124,,,
Netane Muti,OL,Fresno St.,College Stats,3-Jun,315,,,44,,,,
Lucas Niang,OL,TCU,College Stats,6-Jun,315,,,,,,,
C.J. O'Grady,TE,Arkansas,College Stats,4-Jun,253,4.81,34,16,119,7.3,4.34,
Michael Ojemudia,CB,Iowa,College Stats,1-Jun,200,4.45,36,,122,6.87,4.21,
Jeff Okudah,CB,Ohio St.,College Stats,1-Jun,205,4.48,41,11,135,,,
Julian Okwara,DL,Notre Dame,College Stats,4-Jun,252,,,27,,,,
Albert Okwuegbunam,TE,Missouri,College Stats,5-Jun,258,4.49,,,,,,
Sewo Olonilua,RB,TCU,College Stats,3-Jun,232,4.66,36,25,123,,4.28,
Dante Olson,LB,Montana,,2-Jun,237,4.88,42,15,124,7,4.32,
Mike Onwenu,OL,Michigan,,3-Jun,344,,,26,,,,
K.J. Osborn,WR,Miami,College Stats,11-May,203,4.48,37.5,18,123,7,4.35,
Aaron Parker,WR,Rhode Island,,2-Jun,209,4.57,26.5,12,112,6.94,4.23,
Colby Parkinson,TE,Stanford,College Stats,7-Jun,252,4.77,32.5,18,109,7.15,4.46,
Dezmon Patmon,WR,Washington St.,College Stats,4-Jun,225,4.48,36,15,132,7.28,4.38,
Shea Patterson,QB,Michigan,College Stats,1-Jun,212,4.71,31,,116,7.14,4.5,
Matt Peart,OL,Connecticut,College Stats,7-Jun,318,5.06,30,26,113,8.01,4.92,
Alex Pechin,P,Bucknell,,1-Jun,213,4.69,34,13,,,,
John Penisini,DL,Utah,College Stats,1-Jun,318,,25.5,23,,,4.93,
Donovan Peoples-Jones,WR,Michigan,College Stats,2-Jun,212,4.48,44.5,,139,,,
La'Mical Perine,RB,Florida,College Stats,11-May,216,4.62,35,22,118,7.13,4.31,
Malcolm Perry,WR,Navy,College Stats,9-May,186,4.63,36,10,122,7.12,4.31,
Jacob Phillips,LB,LSU,College Stats,3-Jun,229,4.66,39,,126,7.38,4.33,
Scottie Phillips,RB,Mississippi,College Stats,8-May,209,4.56,30,29,114,7.4,4.53,
Tyre Phillips,OL,Mississippi St.,College Stats,5-Jun,331,5.37,25,22,93,8.17,5.11,
James Pierre,CB,Florida Atlantic,College Stats,Jun-00,183,4.59,33.5,,123,7.02,,
Michael Pinckney,LB,Miami,College Stats,11-May,235,,,,,,,
Jared Pinkney,TE,Vanderbilt,College Stats,4-Jun,257,4.96,,23,,,,
Danny Pinter,OL,Ball St.,College Stats,4-Jun,306,4.91,29.5,24,110,7.76,4.62,
Michael Pittman,WR,USC,College Stats,4-Jun,223,4.52,36.5,13,121,6.96,4.14,
Troy Pride,CB,Notre Dame,College Stats,11-May,193,4.4,35.5,13,119,6.94,4.26,
James Proche,WR,SMU,College Stats,11-May,201,,34.5,20,,7.27,4.4,
Shaquille Quarterman,LB,Miami,College Stats,Jun-00,234,4.74,31,23,120,,,
Patrick Queen,LB,LSU,College Stats,Jun-00,229,4.5,35,18,125,,,
Jalen Reagor,WR,TCU,College Stats,11-May,206,4.47,42,17,138,7.31,4.46,
J.R. Reed,S,Georgia,College Stats,1-Jun,202,4.54,34,15,130,,,
Joe Reed,WR,Virginia,College Stats,Jun-00,224,4.47,38,21,123,,,
John Reid,CB,Penn St.,College Stats,10-May,187,4.49,36.5,20,129,6.95,3.97,
Chauncey Rivers,DL,Mississippi St.,College Stats,2-Jun,262,4.97,30.5,20,106,7.33,4.7,
Malcolm Roach,DL,Texas,College Stats,2-Jun,297,4.84,30,20,114,,,
Amik Robertson,CB,Louisiana Tech,College Stats,8-May,187,,,,,,,
Alton Robinson,DL,Syracuse,College Stats,3-Jun,264,4.69,35.5,25,119,7.32,4.32,
James Robinson,RB,Illinois St.,,9-May,219,4.64,40,24,125,7.03,4.19,
Kendrick Rogers,WR,Texas A&M,College Stats,4-Jun,208,4.51,35.5,17,124,7.13,4.48,
Cesar Ruiz,OL,Michigan,College Stats,3-Jun,307,5.08,33,28,113,7.91,4.64,
Jon Runyan,OL,Michigan,College Stats,4-Jun,306,5.08,30.5,24,107,7.57,4.69,
Chapelle Russell,LB,Temple,College Stats,2-Jun,236,4.69,35,21,121,7.38,4.41,
Stanford Samuels,CB,Florida St.,College Stats,1-Jun,187,4.65,,,,,,
Josiah Scott,CB,Michigan St.,College Stats,9-May,185,4.42,,17,,,,
Qaadir Sheppard,DL,Mississippi,College Stats,3-Jun,261,4.83,31.5,28,115,,,
Isaiah Simmons,LB,Clemson,College Stats,4-Jun,238,4.39,39,,132,,,
John Simpson,OL,Clemson,College Stats,4-Jun,321,5.24,30,34,107,8.03,4.87,
Arryn Siposs,P,Auburn,College Stats,2-Jun,213,5.09,,,,,,
James Smith-Williams,DL,North Carolina St.,College Stats,4-Jun,265,4.6,32,28,123,7.35,4.52,
L'Jarius Sneed,S,Louisiana Tech,College Stats,Jun-00,192,4.37,41,12,131,,,
Nate Stanley,QB,Iowa,College Stats,4-Jun,235,4.81,28.5,,108,7.26,4.48,
Terence Steele,OL,Texas Tech,College Stats,6-Jun,312,5.03,27.5,27,106,,5.08,
Logan Stenberg,OL,Kentucky,College Stats,6-Jun,317,5.3,26,,104,8,4.83,
Simon Stepaniak,OL,Indiana,College Stats,4-Jun,313,,,37,,,,
Darrell Stewart,WR,Michigan St.,College Stats,Jun-00,212,,35,15,117,,,
Geno Stone,S,Iowa,College Stats,10-May,207,4.62,33.5,12,116,,,
Justin Strnad,LB,Wake Forest,College Stats,3-Jun,238,4.74,29,,113,,4.49,
Jason Strowbridge,DL,North Carolina,College Stats,4-Jun,275,4.89,31,26,113,7.45,4.37,
Stephen Sullivan,TE,LSU,College Stats,5-Jun,248,4.66,36.5,,123,7.51,4.62,
Freddie Swain,WR,Florida,College Stats,Jun-00,197,4.46,36.5,16,124,7.05,4.26,
D'Andre Swift,RB,Georgia,College Stats,8-May,212,4.48,35.5,,121,,,
Tua Tagovailoa,QB,Alabama,College Stats,Jun-00,217,,,,,,,
Charlie Taumoepeau,TE,Portland St.,,2-Jun,240,4.75,36.5,18,121,7,4.27,
Alex Taylor,OL,South Carolina St.,,8-Jun,308,5.09,25,21,116,7.77,4.79,
Darrell Taylor,LB,Tennessee,College Stats,4-Jun,267,,,,,,,
Davion Taylor,LB,Colorado,College Stats,Jun-00,228,4.49,35,21,127,6.96,4.26,
J.J. Taylor,RB,Arizona,College Stats,5-May,185,4.61,34.5,19,118,7,4.15,
Jonathan Taylor,RB,Wisconsin,College Stats,10-May,226,4.39,36,17,123,7.01,4.24,
Patrick Taylor,RB,Memphis,College Stats,1-Jun,217,4.57,34,15,123,,4.34,
A.J. Terrell,CB,Clemson,College Stats,1-Jun,195,4.42,34.5,15,129,,,
Andrew Thomas,OL,Georgia,College Stats,5-Jun,315,5.22,30.5,21,109,7.58,4.66,
Daniel Thomas,S,Auburn,College Stats,10-May,215,4.51,37,24,125,,,
Jeff Thomas,WR,Miami,College Stats,9-May,170,4.45,36.5,,125,,,
Stantley Thomas-Oliver,CB,Florida International,College Stats,Jun-00,192,4.48,34,,127,,,
Calvin Throckmorton,OL,Oregon,College Stats,5-Jun,317,5.57,27,23,97,8.07,4.98,
Casey Toohill,LB,Stanford,College Stats,4-Jun,250,4.62,39,17,126,7.08,4.21,
Tommy Townsend,P,Florida,College Stats,1-Jun,191,4.75,,,,,,
Adam Trautman,TE,Dayton,,5-Jun,255,4.8,34.5,18,114,6.78,4.27,
Michael Turk,P,Arizona State,College Stats,Jun-00,226,4.79,34.5,25,108,,4.72,
Derrek Tuszka,DL,North Dakota St.,,4-Jun,251,4.79,33.5,24,120,6.87,4.34,
Josh Uche,LB,Michigan,College Stats,1-Jun,245,,,18,,,,
Ke'Shawn Vaughn,RB,Vanderbilt,College Stats,10-May,214,4.51,32,,117,,,
Ben Victor,WR,Ohio St.,College Stats,4-Jun,198,4.6,35,9,128,7.1,,
Kindle Vildor,CB,Georgia Southern,College Stats,10-May,191,4.44,39.5,22,133,7.14,4.28,
Mykal Walker,LB,Fresno St.,College Stats,3-Jun,230,4.65,33,20,122,7.09,4.25,
K'Von Wallace,S,Clemson,College Stats,11-May,206,4.53,38,18,133,6.76,4.15,
Prince Tega Wanogho,OL,Auburn,College Stats,5-Jun,308,,,,,,,
Mike Warren,RB,Cincinnati,College Stats,9-May,226,,,16,,,,
Broderick Washington,DL,Texas Tech,College Stats,2-Jun,305,,,23,,,,
Quez Watkins,WR,Southern Miss,College Stats,Jun-00,185,4.35,36.5,,125,7.28,4.36,
Curtis Weaver,LB,Boise St.,College Stats,2-Jun,265,,32.5,,116,7,4.27,
Evan Weaver,LB,California,College Stats,2-Jun,237,4.76,32,15,117,7.02,4.21,
Cody White,WR,Michigan St.,College Stats,3-Jun,217,4.66,35.5,,120,7.19,4.52,
Mitchell Wilcox,TE,South Florida,College Stats,3-Jun,247,4.88,31,,112,7.37,4.43,
Kenny Willekes,DL,Michigan St.,College Stats,3-Jun,264,4.87,32.5,32,119,7.39,,
Darryl Williams,OL,Mississippi St.,College Stats,2-Jun,304,5.23,25.5,23,102,7.88,4.76,
Raequan Williams,DL,Michigan St.,College Stats,4-Jun,308,5.04,25.5,17,101,7.72,4.78,
Jedrick Wills,OL,Alabama,College Stats,4-Jun,312,5.05,34.5,,113,,4.84,
Isaiah Wilson,OL,Georgia,College Stats,6-Jun,350,5.32,29,26,110,8.26,5.07,
Logan Wilson,LB,Wyoming,College Stats,2-Jun,241,4.63,32,21,121,7.07,4.27,
Rob Windsor,DL,Penn St.,College Stats,4-Jun,290,4.9,28.5,21,111,7.47,4.44,
Tristan Wirfs,OL,Iowa,College Stats,5-Jun,320,4.85,36.5,24,121,7.65,4.68,
Steven Wirtel,LS,Iowa St.,College Stats,4-Jun,235,4.76,26,,120,7.12,4.28,
Charlie Woerner,TE,Georgia,College Stats,5-Jun,244,4.78,34.5,21,120,7.18,4.46,
D.J. Wonnum,DL,South Carolina,College Stats,5-Jun,258,4.73,34.5,20,123,7.25,4.44,
Dom Wood-Anderson,TE,Tennessee,College Stats,4-Jun,261,4.92,35,,119,,,
David Woodward,LB,Utah St.,College Stats,2-Jun,230,4.79,33.5,16,114,7.34,4.37,
Chase Young,DL,Ohio St.,College Stats,5-Jun,264,,,,,,,
Jabari Zuniga,DL,Florida,College Stats,3-Jun,264,4.64,33,29,127,,,